{
  "scenes": [
    {"name": "menu", "reload": true},
    {"name": "game", "reload": true},
    {"name": "bonus", "reload": true},
    {"name": "scores", "reload": true}
  ],
  "resources": [
    {"path": "roadster.png", "frames": 2, "speed": 0.5, "animations": 1},
    {"path": "expire_font.png", "frames": 95, "animations": 1},
    {"path": "hatchback.png", "frames": 2, "speed": 0.5, "animations": 1},
    {"path": "smart.png", "frames": 2, "speed": 0.5, "animations": 1},
    {"path": "car.png", "frames": 2, "speed": 0.5, "animations": 1},
    {"path": "explosion.png", "frames": 8, "speed": 0.08, "animations": 1},
    {"path": "sedan.png", "frames": 2, "speed": 0.5, "animations": 1},
    {"path": "truck.png", "frames": 2, "speed": 0.5, "animations": 1},
    {"path": "car3.png", "frames": 2, "speed": 0.5, "animations": 1},
    {"path": "car4.png", "frames": 2, "speed": 0.5, "animations": 1},
    {"path": "repair.png", "frames": 2, "speed": 0.5, "animations": 1},
    {"path": "mute.png", "frames": 2, "animations": 2},
    {"path": "menu.png", "frames": 2, "animations": 1},
    {"path": "road.png"},
    {"path": "lock.png"},
    {"path": "a.png"},
    {"path": "power.png"},
    {"path": "handling.png"},
    {"path": "bridge.png"},
    {"path": "score.png", "animations": 1, "frames": 2, "speed": false},
    {"path": "distance.png"},
    {"path": "ground.png"},
    {"path": "trees.png"},
    {"path": "crash.ogg"},
    {"path": "engineloop.ogg"},
    {"path": "explode.ogg"},
    {"path": "soundtrack1.ogg"},
    {"path": "squeal.ogg"},
    {"path": "pass.ogg"},
    {"path": "beepbeep.ogg"},
    {"path": "beep2.ogg"},
    {"path": "beep3.ogg"},
    {"path": "cathedral.png"},
    {"path": "house.png"},
    {"path": "building2.png"},
    {"path": "box.png"}
  ],
  "fontFamily": "Visitor"
}