{
  "scenes": [
    "game.json",
    "scores.json"
  ],
  "resources": [
    {"path": "ship1.png", "frames": 2, "speed": 0.5},
    {"path": "monster.png", "frames": 1, "speed": 0.5, "animations": 6},
    {"path": "mute.png", "frames": 2, "speed": 10.5, "animations": 2},
    {"path": "pause.png", "frames": 2, "speed": 10.5, "animations": 2},
    {"path": "ship2.png", "frames": 2, "speed": 0.5},
    {"path": "ship3.png", "frames": 2, "speed": 0.8},
    {"path": "Cutter.png", "frames": 2, "speed": 0.3},
    {"path": "Tender.png", "frames": 2, "speed": 0.6},
    {"path": "flame.png", "frames": 5, "speed": 0.2},
    {"path": "explosion.png", "frames": 8, "speed": 0.08, "animations": 1},
    {"path": "monitor.png"},
    {"path": "smoke.png"},
    {"path": "a.png"},
    {"path": "lstick.png", "frames": 4, "speed": 1},
    {"path": "cloud.png"},
    {"path": "wave_tile1.png"},
    {"path": "cannonball.png"},
    {"path": "bang.png"},
    {"path": "pow.png"},
    {"path": "splash.png"},
    {"path": "boom.png"},
    {"path": "soundtrack0.ogg"},
    {"path": "soundtrack1.ogg"},
    {"path": "soundtrack2.ogg"},
    {"path": "soundtrack3.ogg"},
    {"path": "soundtrack4.ogg"},
    {"path": "soundtrack5.ogg"},
    {"path": "cannon.ogg"},
    {"path": "ocean.ogg"},
    {"path": "explode.ogg"},
    {"path": "swosh.ogg"},
    {"path": "hit.wav"}
  ],
  "fontFamily": "Visitor"
}