{ 
  "scenes": [
    {"name": "menu", "reload": true},
    {"name": "game", "reload": true},
    {"name": "end", "reload": true},
    {"name": "tutorial", "reload": true}
  ],
  "resources": [
    {"path": "viper.png", "frames": 4, "animations": 2, "speed": 0.3},
    {"path": "drone.png", "frames": 6, "animations": 1, "speed": 0.1},
    {"path": "train.png", "frames": 2, "animations": 1, "speed": 0.3},
    {"path": "radar.png", "frames": 2, "animations": 1, "speed": 0.3},
    {"path": "thopter.png", "frames": 2, "animations": 1, "speed": 0.3},
    {"path": "coin.png", "frames": 1, "animations": 1, "speed": 0.18},
    {"path": "bubble.png", "frames": 3, "animations": 4},
    {"path": "gate.png", "frames": 1, "animations": 2, "speed": 0.4},
    {"path": "grid.png"},
    {"path": "test.png", "frames": 2, "animations": 3, "speed": 0.4},
    {"path": "keyhole.png"},
    {"path": "shield.png"},
    {"path": "target.png"},
    {"path": "skyline.png"},
    {"path": "sky.png"},
    {"path": "projectile.png"},
    {"path": "wall.png"},
    {"path": "ground.png"},
    {"path": "heart.png", "animations": 2, "frames": 2, "speed": 0.25},
    {"path": "boss_heart.png", "animations": 2, "frames": 2, "speed": 0.25},
    {"path": "people.png", "animations": 1, "frames": 3, "speed": 0.5},
    {"path": "building.png"},
    {"path": "balcony.png"},
    {"path": "store_highlight.png"},
    {"path": "glass.png", "animations": 3, "frames": 3, "speed": 0.2},
    {"path": "walker.png", "frames": 4, "animations": 1, "speed": 0.5},
    {"path": "saucer.png", "frames": 5, "animations": 1, "speed": 0.5},
    {"path": "fighter.png", "frames": 2, "animations": 1, "speed": 0.2},
    {"path": "expire_font.png", "frames": 95, "animations": 1},
    {"path": "asteroid.png"},
    {"path": "blink.png", "frames": 7, "animations": 1, "speed": 0.1},
    {"path": "dust.png", "animations": 4, "frames": 4, "speed": 0.2},
    {"path": "icons.png", "animations": 6},
    {"path": "hit.wav"},
    {"path": "process.wav"},
    {"path": "denied.wav"},
    {"path": "approved.wav"},
    {"path": "heal.wav"},
    {"path": "hit_small.wav"},
    {"path": "laser.wav"},
    {"path": "store.wav"},
    {"path": "work.wav"},
    {"path": "beam.wav"},
    {"path": "boss_hit.wav"},
    {"path": "boss_invulnerable.wav"},
    {"path": "hit_hard.wav"},
    {"path": "escape.wav"},
    {"path": "buy.wav"},
    {"path": "shield_down.wav"},
    {"path": "shield_up.wav"},
    {"path": "decoy.wav"},
    {"path": "coins.wav"},
    {"path": "soundtrack.ogg"},
    {"path": "hover.wav"},
    {"path": "select.wav"},
    {"path": "move_fast.wav"},
    {"path": "move.wav"}
  ]
}