{"levels" : 
	[
		{"platforms":[],"obstacles":[],"exit":{"x":9,"y":4},"start":{"x":7,"y":1},"gold":20,"name":"blank"},
		{"platforms":[],"obstacles":[{"x":6,"y":4},{"x":5,"y":5},{"x":10,"y":3}],"exit":{"x":12,"y":3},"start":{"x":7,"y":1}},
		{"platforms":[],"obstacles":[{"x":5,"y":1},{"x":9,"y":3},{"x":9,"y":7}],"exit":{"x":11,"y":3},"start":{"x":7,"y":1}},
		{"platforms":[],"obstacles":[{"x":5,"y":3},{"x":7,"y":7},{"x":6,"y":7},{"x":3,"y":3},{"x":4,"y":3}],"exit":{"x":9,"y":4},"start":{"x":7,"y":1}}
	]
}